"SFE8DR","Chocolate tipo 03","HIGIENE",30,15,2023-01-15
"HSFsad","Chocolate tipo 023","ALIMENTO",20,10,2023-04-30,77,68,2023-01-31,21,45,2022-01-16
"SFE8321DR","Chocolate tipo 03","HIGIENE",30,15,2023-01-15
"HSF321sad","Chocolate tipo 023","ALIMENTO",20,10,2023-04-30,77,68,2023-01-31,21,45,2022-01-16
"SFE32138DR","Chocolate tipo 03","HIGIENE",30,15,2023-01-15
"HSF213213sad","Chocolate tipo 023","ALIMENTO",20,10,2023-04-30,77,68,2023-01-31,21,45,2022-01-16
"SFE32138DR","Chocolate tipo 03","HIGIENE",30,15,2023-01-15
"HSF3213sad","Chocolate tipo 023","ALIMENTO",20,10,2023-04-30,77,68,2023-01-31,21,45,2022-01-16
"S3213FE8DR","Chocolate tipo 03","HIGIENE",30,15,2023-01-15
"HSF321sad","Chocolate tipo 023","ALIMENTO",20,10,2023-04-30,77,68,2023-01-31,21,45,2022-01-16
"SF321E8DR","Chocolate tipo 03","HIGIENES",30,15,2023-01-15
"HS321Fsad","Chocolate tipo 023","ALIMENTOS",20,10,2023-04-30,77,68,2023-01-31,21,45,2022-01-16
"SF321E8DR","Chocolate tipo 03","HIGIENE",30,15,2023-01-15
"HSF321sad","Chocolate tipo 023","ALIMENTO",20,10,2023-04-30,77,68,2023-01-31,21,45,2022-01-16
"SFcdsE8DR","Chocolate tipo 03","HIGIENE",30,15,2023-01-15
"HSfdFsad","Chocolate tipo 023","ALIMENTO",20,10,2023-04-30,77,68,2023-01-31,21,45,2022-01-16
"SFE8vdsvdsDR","Chocolate tipo 03","HIGIENE",30,15,2023-01-15
"HSFsvdsad","Chocolate tipo 023","ALIMENTO",20,10,2023-04-30,77,68,2023-01-31,21,45,2022-01-16
"SvdsFE8DR","Chocolate tipo 03","HIGIENE",30,15,2023-01-15
"HSvdsFsad","Chocolate tipo 03","LIMPEZA",20,10,2023-04-30,77,68,2023-01-31,21,45,2022-01-16
"HSFsavdsd","Chocolate tipo 023","ALIMENTO",20,10,2023-04-30,77,68,2023-01-31,21,45,2022-01-16
"SFE8DvdsdsR","Chocolate tipo 03","HIGIENE",30,15,2023-01-15
"HSFsad","Chocolate tipo 023","ALIMENTO",20,10,2023-04-30,77,68,2023-01-31,21,45,2022-01-16
